filename	doctype	department	created_year
annual-report-2002-2003.pdf	annual-report		2003
annual-report-2003-2004.pdf	annual-report		2004
annual-report-2004-2005.pdf	annual-report		2005
annual-report-2005-2006.pdf	annual-report		2006
annual-report-2006-2007.pdf	annual-report		2007
annual-report-2007-2008.pdf	annual-report		2008
annual-report-2008-2009.pdf	annual-report		2009
annual-report-2009-2010.pdf	annual-report		2010
annual-report-2010-2011.pdf	annual-report		2011
annual-report-2011-2012.pdf	annual-report		2012
annual-report-2012-2013.pdf	annual-report		2013
annual-report-2013-2014.pdf	annual-report		2014
annual-report-2014-2015.pdf	annual-report		2015
annual-report-2015-2016.pdf	annual-report		2016
annual-report-2016-2017.pdf	annual-report		2017
annual-report-2017-2018.pdf	annual-report		2018
annual-report-2018-2019.pdf	annual-report		2019
annual-report-2019-2020.pdf	annual-report		2020
annual-report-2020-2021.pdf	annual-report		2021
annual-report-2021-2022.pdf	annual-report		2022
annual-report-2022-2023.pdf	annual-report		2023
annual-report-2023-2024.pdf	annual-report		2024
annual-report-2024-2025.pdf	annual-report		2025
codeofconduct.pdf	code-of-conduct		2025
csr-impact-assessment-report-2022-23.pdf	csr-impact-assessment		2023
csr-impact-assessment-report-2023-24.pdf	csr-impact-assessment		2024
csr-policy.pdf	csr-policy		2025
human-rights-statement.pdf	human-rights-statement		2021
whistleblower-policy.pdf	whistleblower-policy		2025
